title,genres,synopsis,rating,actors,directors
Your Heart Will Be Broken,"Romance,Drama","High school student Polina is saved from bullying at her new school and makes a deal with the main bully Bars: he must pretend to be her boyfriend and protect her, and she must do everything he says. During this game, the couple develops real feelings, but her family and classmates have reasons to separate the lovers.",6.0,"Veronika Zhuravleva,Daniel Vegas,Alya Mayer",Mikhail Vaynberg
Peaky Blinders: The Immortal Man,"Crime,Drama","After his estranged son gets embroiled in a Nazi plot, self-exiled gangster Tommy Shelby must return to Birmingham to save his family — and his nation.",7.363,"Cillian Murphy,Barry Keoghan,Rebecca Ferguson",Tom Harper
Avatar: Fire and Ash,"Science Fiction,Adventure,Fantasy","In the wake of the devastating war against the RDA and the loss of their eldest son, Jake Sully and Neytiri face a new threat on Pandora: the Ash People, a violent and power-hungry Na'vi tribe led by the ruthless Varang. Jake's family must fight for their survival and the future of Pandora in a conflict that pushes them to their emotional and physical limits.",7.26,"Sam Worthington,Zoe Saldaña,Sigourney Weaver",James Cameron
Project Hail Mary,"Science Fiction,Adventure","Science teacher Ryland Grace wakes up on a spaceship light years from home with no recollection of who he is or how he got there. As his memory returns, he begins to uncover his mission: solve the riddle of the mysterious substance causing the sun to die out. He must call on his scientific knowledge and unorthodox ideas to save everything on Earth from extinction… but an unexpected friendship means he may not have to do it alone.",8.2,"Ryan Gosling,James Ortiz,Sandra Hüller","Phil Lord,Christopher Miller"
Shelter,"Action,Crime,Thriller","A man living in self-imposed exile on a remote island rescues a young girl from a violent storm, setting off a chain of events that forces him out of seclusion to protect her from enemies tied to his past.",6.74,"Jason Statham,Bodhi Rae Breathnach,Michael Shaeffer",Ric Roman Waugh
Scream 7,"Horror,Mystery,Crime","When a new Ghostface killer emerges in the quiet town where Sidney Prescott has built a new life, her darkest fears are realized as her daughter becomes the next target. Determined to protect her family, Sidney must face the horrors of her past to put an end to the bloodshed once and for all.",5.8,"Neve Campbell,Courteney Cox,Isabel May",Kevin Williamson
Pretty Lethal,"Action,Thriller,Horror",A troupe of ballerinas find themselves fighting for survival as they attempt to escape from a remote inn after their bus breaks down on the way to a dance competition.,6.8,"Maddie Ziegler,Lana Condor,Iris Apatow",Vicky Jewson
War Machine,"Action,Science Fiction,Thriller","On one last grueling mission during Army Ranger training, a combat engineer must lead his unit in a fight against a giant otherworldly killing machine.",7.267,"Alan Ritchson,Dennis Quaid,Stephan James",Patrick Hughes
Crime 101,"Crime,Thriller","When an elusive thief whose high-stakes heists unfold along the iconic 101 freeway in Los Angeles eyes the score of a lifetime, with hopes of this being his final job, his path collides with a disillusioned insurance broker who is facing her own crossroads. Determined to crack the case, a relentless detective closes in on the operation, raising the stakes even higher.",7.0,"Chris Hemsworth,Mark Ruffalo,Halle Berry",Bart Layton
Send Help,"Horror,Thriller,Comedy","Two colleagues become stranded on a deserted island, the only survivors of a plane crash. On the island, they must overcome past grievances and work together to survive, but ultimately, it's a battle of wills and wits to make it out alive.",7.072,"Rachel McAdams,Dylan O'Brien,Edyll Ismail",Sam Raimi
Greenland 2: Migration,"Adventure,Thriller,Science Fiction","Having found the safety of the Greenland bunker after the comet Clarke decimated the Earth, the Garrity family must now risk everything to embark on a perilous journey across the wasteland of Europe to find a new home.",6.4,"Gerard Butler,Morena Baccarin,Roman Griffin Davis",Ric Roman Waugh
GOAT,"Animation,Comedy,Family","A small goat with big dreams gets a once-in-a-lifetime shot to join the pros and play roarball, a high-intensity, co-ed, full-contact sport dominated by the fastest, fiercest animals in the world.",7.686,"Caleb McLaughlin,Gabrielle Union,Stephen Curry",Tyree Dillihay
Zootopia 2,"Animation,Comedy,Adventure,Family,Mystery","After cracking the biggest case in Zootopia's history, rookie cops Judy Hopps and Nick Wilde find themselves on the twisting trail of a great mystery when Gary De'Snake arrives and turns the animal metropolis upside down. To crack the case, Judy and Nick must go undercover to unexpected new parts of town, where their growing partnership is tested like never before.",7.608,"Ginnifer Goodwin,Jason Bateman,Ke Huy Quan","Jared Bush,Byron Howard"
Lake Jesup: Bonecrusher's Revenge,"Horror,Comedy,Adventure","In 2003, Lake Jesup became the stage for a real-life horror story, as a monstrous alligator escaped from captivity and began a reign of terror. As the body count rose, a desperate hunt ensued to stop the creature.",6.25,"Derek Russo,Jeff Benninghofen,Michael Houston King",Michael Houston King
Whistle,"Horror,Mystery","A misfit group of unwitting high school students stumble upon a cursed object, an ancient Aztec Death Whistle. They discover that blowing the whistle and the terrifying sound it emits will summon their future deaths to hunt them down.",6.034,"Dafne Keen,Sophie Nélisse,Sky Yang",Corin Hardy
Dhurandhar: The Revenge,"Action,Crime,Thriller","As rival gangs, corrupt officials and a ruthless Major Iqbal close in, Hamza's mission for his country spirals into a bloody personal war where the line between patriot and monster disappears in the streets of Lyari.",7.9,"Ranveer Singh,Arjun Rampal,R. Madhavan",Aditya Dhar
"""Wuthering Heights""","Romance,Drama","Tragedy strikes when Heathcliff falls in love with Catherine Earnshaw, a woman from a wealthy family in 18th-century England.",6.384,"Margot Robbie,Jacob Elordi,Hong Chau",Emerald Fennell
Hoppers,"Animation,Family,Science Fiction,Comedy,Adventure","Scientists have discovered how to 'hop' human consciousness into lifelike robotic animals, allowing people to communicate with animals as animals. Animal lover Mabel seizes an opportunity to use the technology, uncovering mysteries within the animal world beyond anything she could have imagined.",7.623,"Piper Curda,Bobby Moynihan,Jon Hamm",Daniel Chong
Mercy,"Science Fiction,Action,Thriller","In the near future, a detective stands on trial accused of murdering his wife. He has ninety minutes to prove his innocence to the advanced AI Judge he once championed, before it determines his fate.",7.047,"Chris Pratt,Rebecca Ferguson,Kali Reis",Timur Bekmambetov
Return to Silent Hill,"Mystery,Drama,Horror","When James receives a mysterious letter from his lost love Mary, he is drawn to Silent Hill—a once-familiar town now consumed by darkness. As he searches for her, James faces monstrous creatures and unravels a terrifying truth that will push him to the edge of his sanity.",5.0,"Jeremy Irvine,Hannah Emily Anderson,Evie Templeton",Christophe Gans
Demon Slayer: Kimetsu no Yaiba Infinity Castle,"Animation,Action,Fantasy","The Demon Slayer Corps are drawn into the Infinity Castle, where Tanjiro, Nezuko, and the Hashira face terrifying Upper Rank demons in a desperate fight as the final battle against Muzan Kibutsuji begins.",7.7,"Natsuki Hanae,Takahiro Sakurai,Akira Ishida",Haruo Sotozaki
Return to Silent Hill,"Mystery,Drama,Horror","When James receives a mysterious letter from his lost love Mary, he is drawn to Silent Hill—a once-familiar town now consumed by darkness. As he searches for her, James faces monstrous creatures and unravels a terrifying truth that will push him to the edge of his sanity.",5.0,"Jeremy Irvine,Hannah Emily Anderson,Evie Templeton",Christophe Gans
Vanaveera,"Action,Drama",A descendant of the Vanara clan is pushed into conflict when a modern-day Ravana seizes his only bike for an election rally. What starts as a petty injustice soon erupts into a fierce fight for self-respect and dignity.,7.0,"Chammak Chandra,Simran Choudhary,Nandu Vijay Krishna",
The Wrecking Crew,"Action,Comedy,Crime,Mystery","Estranged half-brothers Jonny and James reunite after their father's mysterious death. As they search for the truth, buried secrets reveal a conspiracy threatening to tear their family apart.",6.891,"Dave Bautista,Jason Momoa,Temuera Morrison",Ángel Manuel Soto
Rocky Aur Rani Kii Prem Kahaani,"Comedy,Drama,Family,Romance","Gym-freak brat Rocky falls in love with Rani, who comes from a well-educated Bengali family. Being from polar opposite worlds, the two decide to switch their families to adjust to each other's cultures and backgrounds and to know if their marriage will survive. Rocky and Rani are trapped in a world where they are united by love but divided by families and the ultimate question is will they fit in?",6.0,"Alia Bhatt,Ranveer Singh,Jaya Bachchan",Karan Johar
The Deadly Little Mermaid,Horror,"Some secrets are better left at the bottom of the ocean. Once she's in your house, there is no escape. When a struggling artist pulls a beautiful, unconscious woman from the freezing coastal waters, he thinks he’s performed a miracle. But as she recovers within the walls of his secluded home, a series of unsettling events leads him to a terrifying realization: her presence is no coincidence. She is inextricably linked to the same watery grave that claimed his family years ago.",5.194,"Elliott Eason,Sophia Carroll,Eleanor Mackenzie",Cameron Uzoka
The Shadow's Edge,"Action,Crime,Drama,Thriller",Macau Police brings the tracking expert police officer out of retirement to help catch a dangerous group of professional thieves.,7.2,"Jackie Chan,Zhang Zifeng,Tony Leung Ka-fai",Larry Yang
Hellfire,"Action,Thriller",A drifter with a mysterious past arrives in a small town and finds the residents in the grip of a ruthless crime boss and realizes he has to help them.,6.905,"Stephen Lang,Harvey Keitel,Scottie Thompson",Isaac Florentine
Do Not Enter,Horror,"A group of young explorers investigates an old abandoned hotel, only to encounter a strange supernatural being and a competing group looking for a legendary hidden treasure.",5.5,"Francesca Reale,Nicholas Hamilton,Adeline Rudolph",Marc Klasfeld
Agent Zeta,"Drama,Thriller","Four Spanish ex-intelligence officers are assassinated simultaneously worldwide. The CNI discovers all participated in the covert ""Operation Ciénaga"" decades ago in Colombia. Zeta, the CNI's best operative, must hunt and protect the sole survivor, facing his deadliest global mission yet. Top Colombian agent Alfa will join Zeta, seemingly knowing more about ""Ciénaga""'s secrets than him.",6.697,"Mario Casas,Mariela Garriga,Luis Zahera",Dani de la Torre
The Housemaid,"Mystery,Thriller","Trying to escape her past, Millie Calloway accepts a job as a live-in housemaid for the wealthy Nina and Andrew Winchester. But what begins as a dream job quickly unravels into something far more dangerous—a sexy, seductive game of secrets, scandal, and power.",7.214,"Sydney Sweeney,Amanda Seyfried,Brandon Sklenar",Paul Feig
Play Dead,Horror,"A woman wakes up injured in a basement surrounded by corpses. To survive, she pretends to be dead while a grotesque ritual unfolds in the house above.",6.0,"Paula Brasca,Damián Del Castillo,Marta Quarleri",Carlos Goitia
How to Make a Killing,"Comedy,Thriller","Disowned at birth by his obscenely wealthy family, blue-collar Becket Redfellow will stop at nothing to reclaim his inheritance, no matter how many relatives stand in his way.",6.944,"Glen Powell,Margaret Qualley,Jessica Henwick",John Patton Ford
War of the Worlds,"Science Fiction,Thriller","Will Radford is a top analyst for Homeland Security who tracks potential threats through a mass surveillance program, until one day an attack by an unknown entity leads him to question whether the government is hiding something from him... and from the rest of the world.",4.162,"Ice Cube,Eva Longoria,Clark Gregg",Rich Lee
Sparks,"Action,Thriller",A masked vigilante who discovers the dark side to heroism. Going after the nation's most notorious super criminal leaves Sparks' life and reputation in ruins.,4.8,"Chase Williamson,Ashley Bell,Clancy Brown","Todd Burrows,Christopher Folino"
The Aryan Papers,"Adventure,War,History","Stuttgart, 1942: Nazis have cleared Jewish communities from towns and Villages. Two German-born Jewish children flee Nazis who have killed their family, escorted by Gisella, part of the Lebensborn, an SS Master Race program.",4.0,"Cara Chase,Leona Clarke,Richard Hawley",Danny Patrick
Anaconda,"Adventure,Comedy,Horror","A group of friends facing mid-life crises head to the rainforest with the intention of remaking their favorite movie from their youth, only to find themselves in a fight for their lives against natural disasters, giant snakes and violent criminals.",5.891,"Jack Black,Paul Rudd,Steve Zahn",Tom Gormican
Predator: Badlands,"Action,Science Fiction,Adventure","Cast out from his clan, a young Predator finds an unlikely ally in a damaged android and embarks on a treacherous journey in search of the ultimate adversary.",7.696,"Elle Fanning,Dimitrius Schuster-Koloamatangi,Ravi Narayan",Dan Trachtenberg
Lilly Lives Alone,"Horror,Thriller","Guided by the ghost of her daughter, a guilt-ridden mother plunges into madness through the course of drug-fueled fever dream.",7.5,"Shannon Beeby,Jeffrey Combs,Erin Way",Martin Melnick
Spider-Man: No Way Home,"Action,Adventure,Science Fiction","Peter Parker is unmasked and no longer able to separate his normal life from the high-stakes of being a super-hero. When he asks for help from Doctor Strange the stakes become even more dangerous, forcing him to discover what it truly means to be Spider-Man.",7.933,"Tom Holland,Zendaya,Benedict Cumberbatch",Jon Watts
Lady Bodyguard,Comedy,"A.C.Baker, advertising executive for an insurance company, approaches test pilot Terry Moore with a proposition that in return for using his picture and endorsement he will get a paid-for-a-year $1000 policy. High-risk Terry agrees. George MacAlister fires his secretary, Miss Tracy, just as she is typing up the policy and she, for spite, changes the amount from a thousand dollars to one million dollars. A.C. delivers the policy, without noticing the difference, to Terry at a party at the Frolics Club, a cheap joint wedged between a burlesque house and a flop house hotel. Three characters, an elderly hat-check ""girl"" known as Mother Hodges; Avery Jamieson, a broken-down actor; and bartender Harry Gargan are named beneficiaries. When the company discovers the error, A.C. is sent to get back the policy and, pending that, don't let Terry make any test flights.",4.0,"Anne Shirley,Eddie Albert,Raymond Walburn",William Clemens
xXx,"Action,Adventure,Thriller,Crime,Drama","Xander Cage is your standard adrenaline junkie with no fear and a lousy attitude. When the US Government ""recruits"" him to go on a mission, he's not exactly thrilled. His mission: to gather information on an organization that may just be planning the destruction of the world, led by the nihilistic Yorgi.",5.982,"Vin Diesel,Asia Argento,Marton Csokas",Rob Cohen
Dhurandhar,"Action,Crime,Thriller","A mysterious traveler slips into the heart of Karachi's underbelly and rises through its ranks with lethal precision, only to tear the notorious ISI-Underworld nexus apart from within.",7.0,"Ranveer Singh,Akshaye Khanna,R. Madhavan",Aditya Dhar
Frenzy,"Crime,Thriller,Horror","London is terrorized by a vicious sex killer known as The Necktie Murderer. Following the brutal slaying of his ex-wife, down-on-his-luck Richard Blaney is suspected by the police of being the killer. He goes on the run, determined to prove his innocence.",7.097,"Jon Finch,Barry Foster,Barbara Leigh-Hunt",Alfred Hitchcock
Attila,Music,"First staged at the Teatro La Fenice in 1846, Verdi’s ninth opera, Attila, returns to the stage of La Scala on December 7th. Following the inauguration of the 2015-2016 Season with Giovanna d’Arco and in anticipation of Macbeth, with Attila Musical Director Riccardo Chailly continues his study of Verdi’s early works, renewing a successful collaboration with creative director Davide Livermore that began with his acclaimed production of Donizetti’s Don Pasquale for La Scala. In this complex opera Verdi experiments with fresh perspectives, featuring spectacular historical settings, introspective angles and moral uncertainties. Attila demands of its performers not only passion and confidence, but also the ability to find subtle accents and psychological nuances.",0.0,"Ildar Abdrazakov,Saioa Hernández,Fabio Sartori",Patrizia Carmine
Buffaloed,"Comedy,Drama","Set in the underworld of debt-collecting, homegrown hustler Peg Dahl will do anything to escape Buffalo, NY.",6.704,"Zoey Deutch,Judy Greer,Jermaine Fowler",Tanya Wexler
Felon,"Crime,Drama,Thriller,Action",A family man convicted of killing an intruder must cope with life afterward in the violent penal system.,7.145,"Stephen Dorff,Val Kilmer,Harold Perrineau",Ric Roman Waugh
Dinosaurus!,"Science Fiction,Horror","After undersea explosions near a Caribbean island, prehistoric creatures are unleashed on the unsuspecting population.",5.8,"Ward Ramsey,Paul Lukather,Kristina Hanson",Irvin S. Yeaworth Jr.
Sinners,"Horror,Action,Thriller","Trying to leave their troubled lives behind, twin brothers return to their hometown to start again, only to discover that an even greater evil is waiting to welcome them back.",7.5,"Michael B. Jordan,Hailee Steinfeld,Miles Caton",Ryan Coogler
Carnosaur 2,"Horror,Science Fiction",A team of scientists go to a nuclear mining facility to investigate a possible meltdown and instead find a large amount of cloned dinosaurs.,4.3,"John Savage,Cliff DeYoung,Don Stroud",Louis Morneau
Swimfan,"Thriller,Mystery,Romance,Drama","Ben Cronin has it all: the admiration of his many friends, a terrific girlfriend, and he's on the fast-track to an athletic scholarship. Ben's rock-solid, promising future and romance are turned upside-down with the arrival of Madison Bell. Madison, the new girl in town, quickly sets her sights on the impressionable Ben. While their first few meetings are innocent enough, the obsessive and seductive Madison wants more ... much more.",5.2,"Jesse Bradford,Erika Christensen,Shiri Appleby",John Polson
Hunting Season,"Action,Drama,Thriller","When a reclusive survivalist and his daughter rescue a mysterious, wounded woman from a river, they become entangled in a deadly web of violence and revenge, forcing them to confront a brutal criminal to survive.",6.978,"Mel Gibson,Shelley Hennig,Jordi Mollà",Raja Collins
Defenseless,"Thriller,Mystery","A Los Angeles lawyer defends her former college roommate, whose husband — her lover — has been slain.",4.9,"Barbara Hershey,Sam Shepard,Christine Elise",Martin Campbell
Mrs Sen,Drama,"On the wee hours of a December morning, the ring of a telephone shatters the quietness of the Sen household. Anuradha, Who answers the call, is stunned to hear the caller on the other side of the line. Her husband had met with a fatal accident in Thailand and had sunk into coma and she needed to take the next available flight and reach the hospital. Both Anuradha and Sohini's world are shattered. Both the Mrs. Sen did not know how to address this crisis that they had never imagined in their wildest dreams. Somnath's body is cremated and Anuradha wants to carry the ashes to India, to Somnath's father for the last rights. Sohini does not object, as she is about to set for the Airport, Sohini faints. The doctor is called and he asks Anuradha to admit Sohini to the Hospital once more. In the Hospital, Sohini is diagnosed as having her internal organs damaged and internal bleeding happening. Doctor's however clearly mention that it was only days before Sohini would actually die.",0.0,"Rituparna Sengupta,Hrishitaa Bhatt,Rohit Roy",Agnidev Chatterjee
Ready or Not: Here I Come,"Horror,Comedy,Action","Moments after surviving an all-out attack from the Le Domas family, Grace discovers she’s reached the next level of the nightmarish game — and this time with her estranged sister Faith at her side. Grace has one chance to survive, keep her sister alive, and claim the High Seat of the Council that controls the world. Four rival families are hunting her for the throne, and whoever wins rules it all.",7.6,"Samara Weaving,Kathryn Newton,Elijah Wood","Matt Bettinelli-Olpin,Tyler Gillett"
Milli Vanilli,"Music,Documentary","The story of Robert Pilatus and Fabrice Morvan, who became fast friends during their youth in Germany. With Rob coming from a broken home and Fabrice having left an abusive household, they shared a similar upbringing, as well as a future goal: to become famous superstars. In a few short years, their dreams came true. Rob and Fab, better known as Milli Vanilli, became the world's most popular pop duo in 1990 and won the GRAMMY for Best New Artist. However, their ascension to success came with a devastating price that ultimately led to their infamous undoing.",7.2,"Fab Morvan,Rob Pilatus,Downtown Julie Brown",Luke Korem
One Battle After Another,"Thriller,Crime,Comedy","Washed-up revolutionary Bob exists in a state of stoned paranoia, surviving off-grid with his spirited, self-reliant daughter, Willa. When his evil nemesis resurfaces after 16 years and she goes missing, the former radical scrambles to find her, father and daughter both battling the consequences of his past.",7.4,"Leonardo DiCaprio,Sean Penn,Chase Infiniti",Paul Thomas Anderson
Texasville,"Drama,Romance","Summer, 1984: 30 years after Duane captained the high school football team and Jacy was homecoming queen, this Texas town near Wichita Falls prepares for its centennial. Oil prices are down, banks are failing, and Duane's $12 million in debt. His wife Karla drinks too much, his children are always in trouble, and he tom-cats around with the wives of friends. Jacy's back in town, after a mildly successful acting career, life in Italy, and the death of her son. Folks assume Duane and Jacy will resume their high school romance. And Sonny is ""tired in his mind,"" causing worries for his safety. Can these friends find equilibrium in middle age?",6.0,"Jeff Bridges,Cybill Shepherd,Annie Potts",Peter Bogdanovich
28 Years Later: The Bone Temple,"Horror,Thriller,Science Fiction",Dr. Kelson finds himself in a shocking new relationship - with consequences that could change the world as they know it - and Spike's encounter with Jimmy Crystal becomes a nightmare he can't escape.,7.195,"Ralph Fiennes,Jack O'Connell,Alfie Williams",Nia DaCosta
The Avengers,"Science Fiction,Action,Adventure","When an unexpected enemy emerges and threatens global safety and security, Nick Fury, director of the international peacekeeping agency known as S.H.I.E.L.D., finds himself in need of a team to pull the world back from the brink of disaster. Spanning the globe, a daring recruitment effort begins!",7.979,"Robert Downey Jr.,Chris Evans,Mark Ruffalo",Joss Whedon
The Legendary Lighter,Action,A man who used to be called Lighter cleans up his act from his days as a gangster and struggles to start over.,4.75,"Kim Hae-joon,Park Sharon,Lee Dong-ju",Chae Ki-jun
The Super Mario Bros. Movie,"Family,Comedy,Adventure,Animation,Fantasy","While working underground to fix a water main, Brooklyn plumbers—and brothers—Mario and Luigi are transported down a mysterious pipe and wander into a magical new world. But when the brothers are separated, Mario embarks on an epic quest to find Luigi.",7.587,"Chris Pratt,Anya Taylor-Joy,Charlie Day","Aaron Horvath,Michael Jelenic"
David,"Animation,Family,Drama,Music","From the songs of his mother’s heart to the whispers of a faithful God, David’s story begins in quiet devotion. When the giant Goliath rises to terrorize a nation, a young shepherd armed with only a sling, a few stones, and unshakable faith steps forward. Pursued by power and driven by purpose, his journey tests the limits of loyalty, love, and courage—culminating in a battle not just for a crown, but for the soul of a kingdom.",8.022,"Brandon Engman,Brian Stivale,Shahar Taboch","Phil Cunningham,Brent Dawes"
Rage,"Drama,Thriller","An accidental nerve gas leak by the military kills not only a rancher's livestock, but also his son. When he tries to hold the military accountable for their actions, he runs up against a wall of silence.",6.5,"George C. Scott,Richard Basehart,Martin Sheen",George C. Scott
The Unearthly,"Science Fiction,Horror",A mad doctor uses patients at his isolated psychiatric institute as subjects in his attempts to create longevity by surgically installing an artificial gland in their skulls.,3.8,"John Carradine,Myron Healey,Allison Hayes",Boris Petroff
Bingo Bongo,Comedy,"The ape-man, found somewhere in the jungles of Congo, transferred to Milan and named Bingo Bongo. The only one who believes in the human qualities of him is Laura, a woman anthropologist , so their affection for each other even grows to love.",5.741,"Adriano Celentano,Carole Bouquet,Felice Andreasi",Pasquale Festa Campanile
Sundutan,Drama,"A hole on the wall accidentally connects two women emotionally and physically. Forbidden love, greed, betrayal... what lies beyond the hole? And for how long can they keep covering it up?",4.0,"Allison Ross,Jade Esguerra,Mark Dionisio",Rodante Pajemna Jr.
Project X,Comedy,"Three high school seniors throw a party to make a name for themselves. As the night progresses, things spiral out of control as word of the party spreads.",6.884,"Thomas Mann,Oliver Cooper,Jonathan Daniel Brown",Nima Nourizadeh
El Anzuelo,Comedy,"Filmmaker Ernesto Rimoch looks at the potent combination of love and ambition in this film about a couple who's so happy their daughter is marrying into a rich clan that they throw the best wedding ever, even if they can't afford it. When the father (Damián Alcázar) loses the money to pay for the musician, mayhem ensues. The film itself is made to look like a videotaping of the wedding, revealing who's responsible for the crime.",4.8,"Damián Alcázar,Rodolfo Arias,Carmen Beato",Ernesto Rimoch
The Rip,"Action,Thriller,Crime","Trust frays when a team of Miami cops discovers millions in cash inside a run-down stash house, calling everyone — and everything — into question.",7.1,"Matt Damon,Ben Affleck,Teyana Taylor",Joe Carnahan
Bloodline Killer,"Horror,Thriller",Moira Cole endeavors to rebuild her shattered life after her family's murder at the hands of her deranged and obsessed cousin.,5.735,"Bruce Dern,Tyrese Gibson,Shawnee Smith",Ante Novakovic
Sherlock Holmes,"Adventure,Crime,Mystery",Eccentric consulting detective Sherlock Holmes and Doctor John Watson battle to bring down a new nemesis and unravel a deadly plot that could destroy England.,7.218,"Robert Downey Jr.,Jude Law,Rachel McAdams",Guy Ritchie
Pusher,"Action,Crime,Drama",A drug pusher grows increasingly desperate after a botched deal leaves him with a large debt to a ruthless drug lord.,6.997,"Kim Bodnia,Mads Mikkelsen,Laura Drasbæk",Nicolas Winding Refn
JUJUTSU KAISEN: Execution,"Animation,Action,Fantasy","A veil abruptly descends over the busy Shibuya area amid the bustling Halloween crowds, trapping countless civilians inside. Satoru Gojo, the strongest jujutsu sorcerer, steps into the chaos. But lying in wait are curse users and spirits scheming to seal him away. Yuji Itadori, accompanied by his classmates and other top-tier jujutsu sorcerers, enters the fray in an unprecedented clash of curses — the Shibuya Incident. In the aftermath, ten colonies across Japan are transformed into dens of curses in a plan orchestrated by Noritoshi Kamo. As the deadly Culling Game starts, Special Grade sorcerer Yuta Okkotsu is assigned to carry out Yuji's execution for his perceived crimes. A compilation movie of Shibuya Incident including the first two episodes of the Culling Games arc.",5.871,"Junya Enoki,Megumi Ogata,Koji Yusa",Shota Goshozono
Homo Promo,Documentary,"This spectacular showcase of vintage movie trailers offers a crash course in lesbian, gay, bi and transgender (LGBT) movie history and a colorful look at nearly every major mainstream queer-themed film produced between 1953 and 1977! Archivist Jenni Olson is one of the world’s leading experts on LGBT film history — curated from her private collection of rare original 35mm coming attractions trailers, Homo Promo has entertained audiences at LGBT film festivals around the world offering a campy cavalcade of coming attractions. Please note: The condition of these original 35mm archival prints varies — enjoy the wear and tear and rest assured that they have now all been donated to the Outfest/UCLA Legacy Project for LGBT Film Preservation where they are now being properly cared for.",0.0,"Bela Lugosi,Ingrid Thulin,Mae West",Jenni Olson
Endless Love,"Drama,Romance",A privileged girl and a charismatic boy's instant desire sparks a love affair made only more reckless by parents trying to keep them apart.,6.9,"Alex Pettyfer,Gabriella Wilde,Bruce Greenwood",Shana Feste
The Super Mario Galaxy Movie,"Family,Fantasy,Comedy,Adventure,Animation","Having thwarted Bowser's previous plot to marry Princess Peach, Mario and Luigi now face a fresh threat in Bowser Jr., who is determined to liberate his father from captivity and restore the family legacy. Alongside companions new and old, the brothers travel across the stars to stop the young heir's crusade.",0.0,"Chris Pratt,Anya Taylor-Joy,Charlie Day","Michael Jelenic,Aaron Horvath"
The Killers,"Crime,Mystery,Thriller","Two hit men walk into a diner asking for a man called ""the Swede"". When the killers find the Swede, he's expecting them and doesn't put up a fight. Since the Swede had a life insurance policy, an investigator, on a hunch, decides to look into the murder. As the Swede's past is laid bare, it comes to light that he was in love with a beautiful woman who may have lured him into pulling off a bank robbery overseen by another man.",7.3,"Edmond O'Brien,Burt Lancaster,Ava Gardner",Robert Siodmak
Palimpsests,Documentary,"This film is from the project Unconformities, comprised of artworks made up from the material of surveyed land, extracted from coring construction sites in Paris, Athens and Beirut. These cores bare their ""unconformities""—temporal ruptures, natural disasters, geological movements—in full view, revealing a constant cycle of construction and deconstruction that is the defining feature of civilisations past and present, with each using the stones of the last. History appears not as layers but as actions, a kind of palimpsest mixing epochs and civilizations. These poetic recompositions question the dominant forms of narrating and representing history, but also address debates around the Anthropocene.",0.0,,"Khalil Joreige,Joana Hadjithomas"
Zoolander 2,"Comedy,Adventure,Action",Derek and Hansel are modelling again when an opposing company attempts to take them out from the business.,4.9,"Ben Stiller,Owen Wilson,Will Ferrell",Ben Stiller
Now You See Me: Now You Don't,"Thriller,Crime","The original Four Horsemen reunite with a new generation of illusionists to take on powerful diamond heiress Veronika Vanderberg, who leads a criminal empire built on money laundering and trafficking. The new and old magicians must overcome their differences to work together on their most ambitious heist yet.",6.534,"Jesse Eisenberg,Dominic Sessa,Ariana Greenblatt",Ruben Fleischer
The Draft!,"Science Fiction,Horror",5 student. An old villa. Old well. Forbidden room. Dark secret of the past. A seemingly omnipotent evil. Survival is the key. Let the battle of wits begins...,8.0,"Anastasia Herzigova,Winner Wijaya,Putri Anggie",Yusron Fuadi
Thérèse,Drama,An unhappily married woman struggles to break free from social pressures and her boring suburban setting.,5.8,"Audrey Tautou,Gilles Lellouche,Anaïs Demoustier",Claude Miller
Rust Creek,"Thriller,Drama,Action,Crime","When an overachieving college senior makes a wrong turn, her road trip becomes a life-changing fight for survival in rural Kentucky.",6.3,"Hermione Corfield,Jay Paulson,Sean O'Bryan",Jen McGowan
Gifted,"Drama,Comedy","Frank, a single man raising his child prodigy niece Mary, is drawn into a custody battle with his mother.",7.997,"Chris Evans,Mckenna Grace,Lindsay Duncan",Marc Webb
State of Fear,"Action,Thriller,Crime,Drama","As São Paulo erupts in an unprecedented wave of violence, a lawyer with underworld ties must strike a deal with the police to rescue her kidnapped niece.",5.5,"Naruna Costa,Camilla Damião,Seu Jorge",Pedro Morelli
Interstellar,"Adventure,Drama,Science Fiction",The adventures of a group of explorers who make use of a newly discovered wormhole to surpass the limitations on human space travel and conquer the vast distances involved in an interstellar voyage.,8.5,"Matthew McConaughey,Anne Hathaway,Michael Caine",Christopher Nolan
Terrestrial,Horror,,6.5,"Dane-randall bacon,Deena Bacon,Randall J. Bacon",Alex Farnham
The Red Line,"Thriller,Crime,Drama","Three women fall prey to a ruthless phone scam. To settle the score, they'll take on the criminal network that stole their money — and their dignity.",6.5,"Nittha Jirayungyurn,Esther Supreeleela,Chutima Maholakul",Sitisiri Mongkolsiri
The Untouchables,"Crime,History,Thriller","Elliot Ness, an ambitious prohibition agent, is determined to take down Al Capone. In order to achieve this goal, he forms a group given the nickname “The Untouchables”.",7.754,"Kevin Costner,Sean Connery,Robert De Niro",Brian De Palma
Avengers: Infinity War,"Adventure,Action,Science Fiction","As the Avengers and their allies have continued to protect the world from threats too large for any one hero to handle, a new danger has emerged from the cosmic shadows: Thanos. A despot of intergalactic infamy, his goal is to collect all six Infinity Stones, artifacts of unimaginable power, and use them to inflict his twisted will on all of reality. Everything the Avengers have fought for has led up to this moment - the fate of Earth and existence itself has never been more uncertain.",8.234,"Robert Downey Jr.,Chris Evans,Chris Hemsworth","Joe Russo,Anthony Russo"
Cruel Jaws,"Horror,Thriller,Adventure,Comedy",A tiger shark bred by the Navy as a killing machine is wreaking havoc in the sleepy tourist town of Hampton Bay.,4.2,"David Luther,George Barnes Jr.,Scott Silveria",Bruno Mattei
They Will Kill You,"Action,Comedy,Horror","A woman answers a help wanted ad to be a housekeeper in a mysterious high-rise in New York City, not realizing she is entering a community that has seen a number of disappearances over the years and may be under the grip of a Satanic cult.",6.5,"Zazie Beetz,Myha'la,Patricia Arquette",Kirill Sokolov
Spider-Man: Brand New Day,"Science Fiction,Action,Adventure","Four years have passed since the events of No Way Home, and Peter is now an adult living entirely alone, having voluntarily erased himself from the lives and memories of those he loves. Crime-fighting in a New York that no longer knows his name, he's devoted himself entirely to protecting his city — a full-time Spider-Man — but as the demands on him intensify, the pressure sparks a surprising physical evolution that threatens his existence, even as a strange new pattern of crimes gives rise to one of the most powerful threats he has ever faced.",0.0,"Tom Holland,Zendaya,Sadie Sink",Destin Daniel Cretton
Don Juan,"Adventure,Romance","If there was one thing that Don Juan de Marana learned from his father Don Jose, it was that women gave you three things - life, disillusionment and death. In his father's case it was his wife, Donna Isobel, and Donna Elvira who supplied the latter. Don Juan settled in Rome after attending the University of Pisa. Rome was run by the tyrannical Borgia family consisting of Caesar, Lucrezia and the Count Donati. Juan has his way with and was pursued by many women, but it is the one that he could not have that haunts him. It will be for her that he suffers the wrath of Borgia for ignoring Lucrezia and then killing Count Donati in a duel. For Adriana, they will both be condemned to death in the prison on the river Tigre.",6.4,"John Barrymore,Jane Winton,John Roche",Alan Crosland
Swan Song,Drama,An aging actor remembers his past stage triumphs and contemplates a dim future on the stage of an empty theatre. The film was nominated for an Oscar for Best Live Action Short Film.,6.8,"John Gielgud,Richard Briers",Kenneth Branagh
7 Below,Horror,A group of strangers is trapped in a time warp house where a terrible event transpired exactly 100 years prior.,3.559,"Val Kilmer,Ving Rhames,Luke Goss",Kevin Carraway
The Unknown Man,Drama,"Louis, a Flemish writer, decides to isolate himself at the Côte d’Azur, hoping this place will bring him inspiration.",8.5,"Geert Van Rampelberg,Samuel Suchod,Anna Sacuto",Anthony Schatteman
The Internship,Action,"A CIA-trained assassin recruits other graduates from her secret childhood program, The Internship, to violently destroy the organization. The CIA fights back with deadly force.",6.2,"Lizzy Greene,Megan Boone,Sky Katz",James Bamford
KPop Demon Hunters,"Fantasy,Music,Comedy,Animation","When K-pop superstars Rumi, Mira and Zoey aren't selling out stadiums, they're using their secret powers to protect their fans from supernatural threats.",8.034,"Arden Cho,May Hong,Ji-young Yoo","Chris Appelhans,Maggie Kang"
The Hayseed,Comedy,"Buster manages the store while Roscoe delivers the mail, taking time out for hide-and-seek with Molly. The constable, also interested in Molly, steals $300 while being observed by Buster.",5.9,"Roscoe Arbuckle,Buster Keaton,Molly Malone",Roscoe Arbuckle
Dracula,"Horror,Fantasy,Romance","In late 15th-century Eastern Europe, Prince Vlad II’s bride is brutally murdered. As a result, he renounces God and damns Heaven itself. Cursed with eternal life, Vlad is reborn as Dracula, an immortal warlord who defies fate in a blood-soaked crusade to wrench his lost love back from death.",7.097,"Caleb Landry Jones,Zoë Bleu Sidel,Christoph Waltz",Luc Besson
The Shawshank Redemption,"Drama,Crime","Imprisoned in the 1940s for the double murder of his wife and her lover, upstanding banker Andy Dufresne begins a new life at the Shawshank prison, where he puts his accounting skills to work for an amoral warden. During his long stretch in prison, Dufresne comes to be admired by the other inmates -- including an older prisoner named Red -- for his integrity and unquenchable sense of hope.",8.717,"Tim Robbins,Morgan Freeman,Bob Gunton",Frank Darabont
Wildcat,"Action,Thriller",An ex-black ops team reunite to pull off a desperate heist in order to save the life of their leader’s eight-year-old daughter.,6.206,"Kate Beckinsale,Lewis Tan,Alice Krige",James Nunn
Local Hero,"Comedy,Drama",An American oil company sends a man to Scotland to buy up an entire village where they want to build a refinery. But things don't go as expected.,6.8,"Burt Lancaster,Peter Riegert,Denis Lawson",Bill Forsyth
Abot Langit,Romance,"The relationship of a couple is tested when the girl’s first official flight pairs her with a confident senior pilot, jealousy and power dynamics surface in the training ground. The girl is now torn between her present relationship and new temptation she can’t resist.",5.0,"Aliya Raymundo,JC Tan,Jio Yoshida",Topel Lee
Stung,"Horror,Comedy,Science Fiction",A fancy garden party turns into upper class prey when a colony of killer wasps mutates into seven foot tall predators.,5.3,"Matt O'Leary,Jessica Cook,Lance Henriksen",Benni Diez
The Humbling,"Drama,Comedy","Following a breakdown and suicide attempt, an aging actor becomes involved with a much younger woman but soon finds that it's difficult to keep pace with her.",5.1,"Al Pacino,Greta Gerwig,Dylan Baker",Barry Levinson
Osiris,"Science Fiction,Action,Horror","Special Forces commandos on a mission are abducted mid-operation by a mysterious spacecraft. Upon waking aboard, they find themselves prey to a relentless alien race in a fight for survival.",5.942,"Max Martini,Brianna Hildebrand,LaMonica Garrett",William Kaufman
Oscar Shaw,"Action,Crime,Thriller,Western","After retiring from the police force, a relentless detective haunted by the tragic loss of his closest friend sets out on a perilous quest for vengeance, seeking redemption and fighting to restore justice to the streets he once swore to protect.",6.741,"Michael Jai White,Tyrese Gibson,Isaiah Washington","R. Ellis Frazier,Justin Nesbitt"
Cold Storage,"Horror,Science Fiction,Comedy","When a mutating, highly contagious fungus escapes a sealed facility, two employees – joined by a grizzled bioterror operative – must survive the wildest night shift ever to save humanity from extinction.",6.718,"Joe Keery,Georgina Campbell,Liam Neeson",Jonny Campbell
Door III,Horror,"Miyako is a frustrated insurance saleswoman stuck in a major dry spell. She tries every trick in the book, including aggressive flirting, which gets her plenty of gropers but no buyers. One day while venturing down a narrow stairwell, she injures her ankle and happens upon Mitsuru who works for some mysterious foreign company. Decked out in high goth style -- complete with long inky black hair and mascaraed eyes -- Mitsuru cuts quite an odd figure, yet his seductive though menacing ways make him difficult for Miyako to resist. Escorting her to his office to treat her ankle, Miyako notices that his all-female staff seem more glassy-eyed and soul-deadened than the average office workers. In fact, they seem almost like zombies. Later, weird things start happening. Mitsuko finds vomit on her doorstep, she seems to be tailed by a shadowy woman in a red dress, and most strikingly, she finds herself utterly powerless against Mitsuru's advances.",5.2,"Minako Tanaka,Akihiro Nakazawa,Rinko Mayumi",Kiyoshi Kurosawa
Kraken,"Horror,Action,Thriller","Marine biologist Johanne is doing research on a fish farm in Vangsnes, a rural community located by the fjord, when she encounters several strange occurrences. Along with the brutal deaths of two local teenagers, all signs point to the deep fjord; can there be more to the depths than the eye can see? At the bottom of the deepest fjord rests a mythical monster as large as a mountain, with a myriad of arms ready to crush and devour anything they can grab.",6.2,"Sara Khorami,Mikkel Bratt Silset,Ingvild Holthe Bygdnes",Pål Øie
The Presidio,"Action,Crime,Mystery,Thriller",Jay Austin is now a civilian police detective. Colonel Caldwell was his commanding officer years before when he left the military police over a disagreement over the handling of a drunk driver. Now a series of murders that cross jurisdictions force them to work together again. That Austin is now dating Caldwell's daughter is not helping their relationship.,5.8,"Sean Connery,Mark Harmon,Meg Ryan",Peter Hyams
Bāhubali: The Epic,"Action,Drama","When a mysterious child is found by a tribal couple near a roaring waterfall, they raise him as their own. As he grows, Sivudu is drawn to the world beyond the cliffs, where he discovers the ancient kingdom of Mahishmati, ruled by a cruel tyrant, haunted by rebellion, and bound to his past. What begins as a quest for love soon unravels a legacy of betrayal, sacrifice, and a forgotten prince.",6.0,"Prabhas,Rana Daggubati,Anushka Shetty",S. S. Rajamouli
Pathinaaru,Romance,"Shiva and Indu are city-based students,who love each other. However, their love is strongly opposed by the latter’s parents. They're given a handwritten book titled ""Pathinaaru"" (Sixteen) by Indhu's mother to read. The book depicts a real-life story about two village teenagers Gopi and Ilavarasi, and their romance as they step into adolescence. Facing opposition from her affluent family, the gutsy Ilavarasi takes some bold unconventional steps, which backfires on her. The story of unrequited love and betrayal leaves Indu in a dilemma and she prepares to go with her family’s desires. But Siva is not ready to give up Indu and sets out to do his own investigation to get to the bottom of what ultimately happened to Gopi and Ilavarasi.",4.5,"Shiva,Madhu Shalini,Abhishek Shankar",Saba Kailash
Harry Potter and the Philosopher's Stone,"Adventure,Fantasy","Harry Potter has lived under the stairs at his aunt and uncle's house his whole life. But on his 11th birthday, he learns he's a powerful wizard—with a place waiting for him at the Hogwarts School of Witchcraft and Wizardry. As he learns to harness his newfound powers with the help of the school's kindly headmaster, Harry uncovers the truth about his parents' deaths—and about the villain who's to blame.",7.898,"Daniel Radcliffe,Rupert Grint,Emma Watson",Chris Columbus
Robin Hood,"Thriller,Action,Drama","In the near future: the EU has collapsed, stock market prices have collapsed, energy costs have exploded; many thousands lose the roof over their heads and literally end up on the street. Alexander Scholl and Sophie Kaiser act as police officers investigating DNB, which has contributed to the precarious situation in Germany. Their CEO Rainer van Kampen is able to avert charges despite the overwhelming burden of proof. There is only one way out for Alexander: he joins forces with a group of outlaws: they commit robberies, hack into accounts and publicly pillory financial fraudsters. They distribute their loot to people on the street. Alex"" is quickly celebrated by the people and the media as ""Robin Hood"". But for his former colleague Sophie, with whom Alex is secretly in love, Robin Hood is a nasty criminal. The situation escalates, as not only the police and Sophie are hot on Alexander's heels, but also those behind the DNB...",10.0,"Ken Duken,Dagny Dewath,Matthias Koeberlin",Martin Schreier
Summer School,Comedy,"A high-school gym teacher has big plans for the summer, but is forced to cancel them to teach a ""bonehead"" English class for misfit goof-off students. Fortunately, his unconventional brand of teaching fun field trips begins to connect with them, and even inspires ardor in some.",6.4,"Mark Harmon,Kirstie Alley,Courtney Thorne-Smith",Carl Reiner
Worldbreaker,"Science Fiction,Action,Horror","Five years ago, a tear in the fabric of reality brought creatures to our world from an alternate dimension bent on our destruction. A father hides his daughter on an island to keep her safe while he prepares her for survival and the battles to come. But when the world is about to break, no place is safe.",5.862,"Milla Jovovich,Luke Evans,Billie Boullet",Brad Anderson
Avengers: Doomsday,"Science Fiction,Action,Adventure","The Avengers, Wakandans, Fantastic Four, Thunderbolts, and X-Men all fight against Doctor Doom. Plot TBA.",0.0,"Chris Hemsworth,Vanessa Kirby,Anthony Mackie","Joe Russo,Anthony Russo"
USS Christmas,"TV Movie,Mystery","Maddie, a reporter for a Norfolk newspaper, embarks on a Tiger Cruise during Christmastime where she meets a handsome naval officer and stumbles upon a mystery in the ship’s archive room.",6.62,"Jen Lilley,Trevor Donovan,Barbara Niven",Steven R. Monroe
Countess Dora,Drama,"A pseudo biography of Dora Pejačević (10 September 1885 - 5 March 1923), a Croatian composer.",5.0,"Alma Prica,Rade Šerbedžija,Irina Alfyorova",Zvonimir Berković
Imperial Delhi,Documentary,"This MGM short, part of James A. Fitzpatrick's Traveltalk series, takes the viewer to the capital of British India, Delhi. Visits to mosques and temples are followed by a tour of the shopping district, Chandni Chowk. The streets are filled bullock carts and only a few cars. Much is made of the peaceful co-existence between Hindu and Muslim. This is followed by a visit to the Viceroy's palace in adjoining New Delhi with a taste of the pomp and majesty of Imperial India.",0.0,James A. FitzPatrick,
Turbulence,"Thriller,Action,Adventure,Drama,Fantasy","Young married couple Zach and Emmy decide to take a hot air balloon trip across the Italian Dolomites to rekindle their relationship. When they and pilot Harry are joined by a third passenger, Julia, events unfold in ways they could never imagine five thousand meters in the air.",6.1,"Jeremy Irvine,Olga Kurylenko,Kelsey Grammer",Claudio Fäh
Hemmet,"Drama,TV Movie",A satire of the welfare society showing the mechanical nature of the elderly care.,0.0,"Margita Ahlin,Kent Andersson,Marian Gräns",Lennart Hjulström
The Sexpert,Comedy,"Hopelessly inept clod Finster Fahrquart desperately tries to get into the swing of the 70's sexual revolution and figure out a way to succeed with the ladies. Following a series of disastrous encounters with such folks as an aggressive farmer's daughter, a not so innocent virgin, and an unhappy housewife, Finster decides to attend an orgy.",0.0,"Stan Ross,Jaime Lyn Bauer,Marvin Miller",Alan Roberts
The Godfather,"Drama,Crime","Spanning the years 1945 to 1955, a chronicle of the fictional Italian-American Corleone crime family. When organized crime family patriarch, Vito Corleone barely survives an attempt on his life, his youngest son, Michael steps in to take care of the would-be killers, launching a campaign of bloody revenge.",8.7,"Marlon Brando,Al Pacino,James Caan",Francis Ford Coppola
Spider-Man: Homecoming,"Action,Adventure,Science Fiction","Following the events of Captain America: Civil War, Peter Parker, with the help of his mentor Tony Stark, tries to balance his life as an ordinary high school student in Queens, New York City, with fighting crime as his superhero alter ego Spider-Man as a new threat, the Vulture, emerges.",7.3,"Tom Holland,Michael Keaton,Robert Downey Jr.",Jon Watts
900 Neighbours,Documentary,"Australian headlines screamed ""Skeleton Found In Housing Commission Apartment"" ... the man had died six months earlier but no-one noticed. The Northcott building is one of Sydney's most infamous buildings - synonymous with suicides, murders and drug deals. But now, Northcott residents are working hard to turn that perception around. This is their inspirational story.",0.0,,Brendan Fletcher
The Lord of the Rings: The Return of the King,"Adventure,Fantasy,Action","As armies mass for a final battle that will decide the fate of the world--and powerful, ancient forces of Light and Dark compete to determine the outcome--one member of the Fellowship of the Ring is revealed as the noble heir to the throne of the Kings of Men. Yet, the sole hope for triumph over evil lies with a brave hobbit, Frodo, who, accompanied by his loyal friend Sam and the hideous, wretched Gollum, ventures deep into the very dark heart of Mordor on his seemingly impossible quest to destroy the Ring of Power.​",8.495,"Elijah Wood,Ian McKellen,Viggo Mortensen",Peter Jackson
Future World,Science Fiction,A young boy searches a future world wasteland for a rumored cure for his dying mother.,4.314,"James Franco,Suki Waterhouse,Jeffrey Wahlberg","James Franco,Bruce Thierry Cheung"
The Gorge,"Romance,Science Fiction,Thriller","Two highly trained operatives grow close from a distance after being sent to guard opposite sides of a mysterious gorge. When an evil below emerges, they must work together to survive what lies within.",7.616,"Miles Teller,Anya Taylor-Joy,Sigourney Weaver",Scott Derrickson
Marty Supreme,"Drama,Thriller","Marty Mauser, a young man with a dream no one respects, goes to hell and back in pursuit of greatness.",7.438,"Timothée Chalamet,Gwyneth Paltrow,Odessa A'zion",Josh Safdie
My Fault,"Drama,Romance,Thriller","Noah must leave her city, boyfriend, and friends to move into William Leister's mansion, the flashy and wealthy husband of her mother Rafaela. As a proud and independent 17 year old, Noah resists living in a mansion surrounded by luxury. However, it is there where she meets Nick, her new stepbrother, and the clash of their strong personalities becomes evident from the very beginning.",7.751,"Nicole Wallace,Gabriel Guevara,Marta Hazas",Domingo González
The Running Man,"Action,Thriller,Science Fiction","Desperate to save his sick daughter, working-class Ben Richards is convinced by The Running Man's charming but ruthless producer to enter the deadly competition game as a last resort. But Ben's defiance, instincts, and grit turn him into an unexpected fan favorite — and a threat to the entire system. As ratings skyrocket, so does the danger, and Ben must outwit not just the Hunters, but a nation addicted to watching him fall.",6.765,"Glen Powell,William H. Macy,Lee Pace",Edgar Wright
Hannah Montana 20th Anniversary Special,"Documentary,Family,Music","Filmed in front of a live studio audience and hosted by Alex Cooper of 'Call Her Daddy' fame, Miley Cyrus reflects on the creation and impact of the series, with never-before-seen archival footage, and some of the show's most memorable sets will be 'brought back to life' — including the Stewart family living room and the legendary Hannah Montana closet.",7.7,"Miley Cyrus,Alex Cooper,Tish Cyrus",Sam Wrench
The Dark Knight,"Action,Crime,Thriller","Batman raises the stakes in his war on crime. With the help of Lt. Jim Gordon and District Attorney Harvey Dent, Batman sets out to dismantle the remaining criminal organizations that plague the streets. The partnership proves to be effective, but they soon find themselves prey to a reign of chaos unleashed by a rising criminal mastermind known to the terrified citizens of Gotham as the Joker.",8.527,"Christian Bale,Heath Ledger,Aaron Eckhart",Christopher Nolan
"Good Luck, Have Fun, Don't Die","Science Fiction,Action,Comedy",A 'Man from the Future' arrives at an LA diner where he must recruit the precise combination of disgruntled patrons to join him on a one-night quest to save the world from the terminal threat of a rogue artificial intelligence.,6.961,"Sam Rockwell,Juno Temple,Haley Lu Richardson",Gore Verbinski
Star Wars: The Last Jedi,"Adventure,Action,Science Fiction","Rey develops her newly discovered abilities with the guidance of Luke Skywalker, who is unsettled by the strength of her powers. Meanwhile, the Resistance prepares to do battle with the First Order.",6.756,"Mark Hamill,Carrie Fisher,Adam Driver",Rian Johnson
Troll 2,"Action,Fantasy,Thriller","When a dangerous new troll unleashes devastation across their homeland, Nora, Andreas and Major Kris embark on their most perilous mission yet.",6.444,"Ine Marie Wilmann,Kim S. Falck-Jørgensen,Mads Sjøgård Pettersen",Roar Uthaug
Singh Is Bliing,"Action,Comedy","Raftaar Singh is always looking to have fun and runs away from responsibility. Fed up, his father orders Raftaar to go to Goa and work, and learn to take on responsibility. Once in Goa, he impresses his new boss with his enthusiasm and creative thinking. Soon he gets an assignment, and meets Sara Amy Jackson - and thus begins their unique love story. What ensues is a great comedy of errors, as one hilarious situation after another unfolds. Raftaar falls head over heels for this exotic, mysterious girl. The romance takes a deadly turn when he realizes that Sara is not who he thinks she is and has an agenda, which takes him to Romania. Will Raftaar be able to win her over in a distant and dangerous land?",5.4,"Akshay Kumar,Amy Jackson,Rati Agnihotri",Prabhu Deva
Frankenstein,"Drama,Fantasy,Horror","Dr. Victor Frankenstein, a brilliant but egotistical scientist, brings a creature to life in a monstrous experiment that ultimately leads to the undoing of both the creator and his tragic creation.",7.7,"Oscar Isaac,Jacob Elordi,Christoph Waltz",Guillermo del Toro
High Tor,"Fantasy,Music","High Tor is a 1936 play by Maxwell Anderson. Twenty years after the original production, Anderson adapted it into a television musical with Arthur Schwartz.  Anderson first considered a musical adaptation of High Tor for television in 1949. He and John Monks Jr. adapted the play as a made-for-television musical fantasy in 1955, with music by Arthur Schwartz and lyrics by Anderson. High Tor was filmed in November 1955 by Desilu Productions at the RKO-Pathé Studio and broadcast March 10, 1956 on the CBS television network, as a 90-minute episode of the series Ford Star Jubilee. Bing Crosby, Julie Andrews, Nancy Olson, Hans Conreid, and Keenan Wynn starred in the film, produced by Arthur Schwartz, and directed by James Neilson.",7.5,"Bing Crosby,Julie Andrews,Nancy Olson","James Neilson,Franklin J. Schaffner"
The Lord of the Rings: The Fellowship of the Ring,"Adventure,Fantasy,Action","Young hobbit Frodo Baggins, after inheriting a mysterious ring from his uncle Bilbo, must leave his home in order to keep it from falling into the hands of its evil creator. Along the way, a fellowship is formed to protect the ringbearer and make sure that the ring arrives at its final destination: Mt. Doom, the only place where it can be destroyed.",8.429,"Elijah Wood,Ian McKellen,Viggo Mortensen",Peter Jackson
Avengers: Endgame,"Adventure,Science Fiction,Action","After the devastating events of Avengers: Infinity War, the universe is in ruins due to the efforts of the Mad Titan, Thanos. With the help of remaining allies, the Avengers must assemble once more in order to undo Thanos' actions and restore order to the universe once and for all, no matter what consequences may be in store.",8.2,"Robert Downey Jr.,Chris Evans,Mark Ruffalo","Anthony Russo,Joe Russo"
Jurassic World Rebirth,"Science Fiction,Adventure,Action","Five years after the events of Jurassic World Dominion, covert operations expert Zora Bennett is contracted to lead a skilled team on a top-secret mission to secure genetic material from the world's three most massive dinosaurs. When Zora's operation intersects with a civilian family whose boating expedition was capsized, they all find themselves stranded on an island where they come face-to-face with a sinister, shocking discovery that's been hidden from the world for decades.",6.294,"Scarlett Johansson,Mahershala Ali,Jonathan Bailey",Gareth Edwards
The SpongeBob Movie: Search for SquarePants,"Animation,Family,Comedy,Adventure,Fantasy","Desperate to be a big guy, SpongeBob sets out to prove his bravery to Mr. Krabs by following The Flying Dutchman – a mysterious swashbuckling ghost pirate – on a seafaring adventure that takes him to the deepest depths of the deep sea, where no Sponge has gone before.",6.794,"Tom Kenny,Clancy Brown,Rodger Bumpass",Derek Drymon
The Family Plan 2,"Action,Comedy","Now that Dan's assassin days are behind him, all he wants for Christmas is quality time with his kids. But when he learns his daughter has her own plans, he books a family trip to London—putting them all in the crosshairs of an unexpected enemy.",6.534,"Mark Wahlberg,Michelle Monaghan,Kit Harington",Simon Cellan Jones
Un hombre por semana,"Comedy,Romance,Drama",A divorced woman reconstructs her life and opens herself to love. Her search for dating apps takes her through fun and unpredictable moments to discover self-love.,6.632,"Ana de la Reguera,Roberto Quijano,Carlos 'Capi' Pérez","Marco Polo Constandse,Ana de la Reguera"
Passenger 57,"Action,Adventure,Thriller","Airline security specialist John Cutter, finally returning to the job after his wife's death, finds himself stuck on a flight being hijacked by notorious terrorist Charles Rane. Unfortunately for the terrorists, they're also stuck with him.",6.001,"Wesley Snipes,Bruce Payne,Tom Sizemore",Kevin Hooks
Slumberland Express,Animation,"Oswald the Rabbit and his little brother catch the Slumberland Express and it carries the assorted animals to childhood's dream of paradise - an amusement park where all the games are free, and windows are provided just to be broken by an abundant supply of free rocks, and old men wear silk hats to provide targets for snowballs. But Oswald's little brother wanders into Nightmare Land where terror reigns; the soap and comb and brush and toothpaste that plague a child's existence come to life.",7.0,,Walter Lantz
My Influences,Documentary,"In “Spaces #3”, 7 internationally acclaimed directors shot, after commissioning by the Thessaloniki International Film Festival, a short film at home, making their own timely comment on the new reality that we live in. The project is inspired by the book “Species of Spaces” by the French novelist, filmmaker, documentalist, and essayist, Georges Perec and the days of quarantine. The idea is to create a film at home, using the environment, the people or the animals in that space. The only outdoor areas that may be used are outdoor living spaces, such as the terrace, the garden, the balcony and the stairwell. “My influences” is Albert Serra’s submission.",0.0,Albert Serra,Albert Serra
F1,"Action,Drama",Racing legend Sonny Hayes is coaxed out of retirement to lead a struggling Formula 1 team—and mentor a young hotshot driver—while chasing one more chance at glory.,7.75,"Brad Pitt,Damson Idris,Javier Bardem",Joseph Kosinski
Dune: Part Two,"Science Fiction,Adventure","Follow the mythic journey of Paul Atreides as he unites with Chani and the Fremen while on a path of revenge against the conspirators who destroyed his family. Facing a choice between the love of his life and the fate of the known universe, Paul endeavors to prevent a terrible future only he can foresee.",8.129,"Timothée Chalamet,Zendaya,Rebecca Ferguson",Denis Villeneuve
Torrente for President,Comedy,"Years have passed since his last adventure, but José Luis Torrente, the most politically incorrect former cop in Spain, still sees himself as a national hero.",6.4,"Santiago Segura,Fernando Esteso,Gabino Diego",Santiago Segura
From the Ashes,Drama,"Jailed for her husband's crime, a woman discovers that her only way out is to solve riddles from her mysterious past.",0.0,"Jeanne Neilson,Paul du Toit,Syreeta Banks",Jeremy Wiles
Hamnet,"Drama,Romance,History","The powerful story of love and loss that inspired the creation of Shakespeare's timeless masterpiece, Hamlet.",7.714,"Jessie Buckley,Paul Mescal,Emily Watson",Chloé Zhao
Re/Member: The Last Night,Horror,"Three years after completing a deadly game, high schoolers trapped in a looping nightmare must survive brutal encounters and unravel a terrifying curse.",4.7,"Kanna Hashimoto,Gordon Maeda,Kaito Sakurai",Eiichiro Hasumi
Five Nights at Freddy's 2,"Horror,Thriller","One year since the supernatural nightmare at Freddy Fazbear's Pizza, the stories about what transpired there have been twisted into a campy local legend, inspiring the town's first ever Fazfest. With the truth kept from her, Abby sneaks out to reconnect with Freddy, Bonnie, Chica, and Foxy, setting into motion a terrifying series of events that will reveal dark secrets about the real origin of Freddy's, and unleash a decades-hidden horror.",6.672,"Josh Hutcherson,Piper Rubio,Elizabeth Lail",Emma Tammi
53 Sundays,"Comedy,Drama","Three siblings get together to decide what to do with their 86‑year‑old father, who has started behaving in a very peculiar way. Should they move him into a nursing home? Have him live with one of them? What begins as a polite family meeting quickly spirals into a wildly funny and unexpected situation that soon gets completely out of control.",7.3,"Javier Cámara,Carmen Machi,Javier Gutiérrez",Cesc Gay
Mooseltoe,"Family,Music","Mooseltoe, the Moose with a Dream, and his friends come to life in this colorful, magical and whimsical musical tale. Follow our hero as he pursues his seemingly impossible dream while learning many valuable lessons along the way - lessons which are important for us all. Al Roker narrates the story while celebrities from Broadway, TV, and the movies provide the voices of Mooseltoe and his friends in this charming production.",0.0,"Al Roker,Norm Lewis,Faith Prince",Jim Semmelman
Spider-Man: Far From Home,"Action,Adventure,Science Fiction","Peter Parker and his friends go on a summer trip to Europe. However, they will hardly be able to rest - Peter will have to agree to help Nick Fury uncover the mystery of creatures that cause natural disasters and destruction throughout the continent.",7.396,"Tom Holland,Jake Gyllenhaal,Samuel L. Jackson",Jon Watts
Maximum Thrust,"Drama,Action","A down and out all girl race team, Maximum Thrust, hires a sexy newbie street racer, Bekka (Beverly Lynne), in hopes of saving a failing business and salvaging street creds and respect. The action is fast and furious on and off the track when Bekka is seduced by a rival racer, Junior Sloan. When it is discovered Junior intends on destroying Maximum Thrust, even if it means killing the driver, Bekka reunites with the team. With friends and lovers helping, the women of Maximum Thrust build an awesome street racing machine and lay it all on the line when they challenge Junior to a race at ""Street Wars."" It is a high octane battle where Bekka blows by Junior and stops him on the track. Using intimate information, Bekka and the team have Junior arrested and the team reigns as the Street Wars champions.",3.4,"Beverly Lynne,Aaron Brumfield,Robyn Hyden",Paul Miller
Top Gun: Maverick,"Action,Drama","After more than thirty years of service as one of the Navy’s top aviators, and dodging the advancement in rank that would ground him, Pete “Maverick” Mitchell finds himself training a detachment of TOP GUN graduates for a specialized mission the likes of which no living pilot has ever seen.",8.153,"Tom Cruise,Val Kilmer,Miles Teller",Joseph Kosinski
Dune,"Science Fiction,Adventure","Paul Atreides, a brilliant and gifted young man born into a great destiny beyond his understanding, must travel to the most dangerous planet in the universe to ensure the future of his family and his people. As malevolent forces explode into conflict over the planet's exclusive supply of the most precious resource in existence-a commodity capable of unlocking humanity's greatest potential-only those who can conquer their fear will survive.",7.778,"Timothée Chalamet,Rebecca Ferguson,Oscar Isaac",Denis Villeneuve
Reminders of Him,"Romance,Drama","When Diem's custodial grandparents adamantly refuse Kenna's attempts to see her daughter, Kenna discovers unexpected compassion, and then something truer and deeper, with former NFL player and local bar owner Ledger. As their secret romance develops, so do the dangers for both of them, leading Kenna toward heartbreak and, ultimately, the hope for a second chance.",7.059,"Maika Monroe,Tyriq Withers,Rudy Pankow",Vanessa Caswill
I Am Sam,Drama,"Sam, a neurodivergent man, has a daughter with a homeless woman who abandons them when they leave the hospital, leaving Sam to raise Lucy on his own. But as Lucy grows up, Sam's limitations as a parent start to become a problem and the authorities take her away. Sam convinces high-priced lawyer Rita to take his case pro bono and in turn teaches her the value of love and family.",7.563,"Sean Penn,Michelle Pfeiffer,Dianne Wiest",Jessie Nelson
Inception,"Action,Science Fiction,Adventure","Cobb, a skilled thief who commits corporate espionage by infiltrating the subconscious of his targets is offered a chance to regain his old life as payment for a task considered to be impossible: ""inception"", the implantation of another person's idea into a target's subconscious.",8.371,"Leonardo DiCaprio,Joseph Gordon-Levitt,Ken Watanabe",Christopher Nolan
Chainsaw Man - The Movie: Reze Arc,"Animation,Action,Romance,Fantasy","In a brutal war between devils, hunters, and secret enemies, a mysterious girl named Reze has stepped into Denji's world, and he faces his deadliest battle yet, fueled by love in a world where survival knows no rules.",8.3,"Kikunosuke Toya,Reina Ueda,Tomori Kusunoki",Tatsuya Yoshihara
Titanic,"Drama,Romance","101-year-old Rose DeWitt Bukater tells the story of her life aboard the Titanic, 84 years later. A young Rose boards the ship with her mother and fiancé. Meanwhile, Jack Dawson and Fabrizio De Rossi win third-class tickets aboard the ship. Rose tells the whole story from Titanic's departure through to its death—on its first and last voyage—on April 15, 1912.",7.903,"Leonardo DiCaprio,Kate Winslet,Billy Zane",James Cameron
Operation Kid Brother,"Action,Thriller","The evil crime syndicate Thanatos is bent on taking over the world, using a magnetic wave generator that will cause all metal-based machinery to grind to a halt. However, the well-known British secret agent normally assigned to such tasks isn't available, so they engage his civilian brother, Neil, to help. Neil, played by Neil Connery, is a world-class plastic surgeon, hypnotist, and lip-reader, which turn out to be precisely the skills required for thwarting Thanatos.",4.3,"Neil Connery,Daniela Bianchi,Adolfo Celi",Alberto De Martino
Tuklas,Drama,"The first Bisaya VMX Original stars true-blooded Bisaya Skye Gonzaga. When IT officer Chris Alvarado uncovers a financial scandal at work, he faces a moral dilemma: exposing the truth or giving in to Anna, a seductive sales manager promising success and intimacy.",7.0,"Skye Gonzaga,Chino Villaluna,Denzel Cruza",
The Matrix,"Action,Science Fiction","Set in the 22nd century, The Matrix tells the story of a computer hacker who joins a group of underground insurgents fighting the vast and powerful computers who now rule the earth.",8.24,"Keanu Reeves,Laurence Fishburne,Carrie-Anne Moss","Lana Wachowski,Lilly Wachowski"
O ľuďoch a čarodejníkoch,"Family,Fantasy","A fairytale story in which love and humanity are not just words, but become a force that words cannot describe. You won't find three identical stars in the sky, three identical stones on the earth, nor three identical beings among the wizards - the old and wise Habra, the suggestive Hobrix and the beautiful Harex watched over an imperfect, emotion-ridden human race until malice and love entered their lives as well.",0.0,"Naďa Kotršová,Ivo Gogál,Ivana Christová",Oľga Keleová
The Robbers,Comedy,"It's Boxing Day and already Karen is making New Year resolutions - chiefly for others - and the family have been burgled,though selectively,causing Sue to cheat on the insurance claim. Sue and Jake go to collect Grandad from the retirement home where he now lives,only to find he has sloped off to the pub again with Scots mate Mac. Sue ends up asking Mac back for dinner though his thick accent creates a language barrier for Karen. Sue's divorced friend Jane is also invited and though the children fail to appreciate her present for them,a goat donated to Oxfam,Pete feels sorry for her and is glad that the Brockmans have given a Christmas to lonely strangers - until a W.P.C. turns up with another old boy who has gone walkabout.",0.0,"Hugh Dennis,Claire Skinner,Tyger Drew-Honey","Andy Hamilton,Guy Jenkin"
Dunkirk,"War,Action,Drama","The story of the miraculous evacuation of Allied soldiers from Belgium, Britain, Canada and France, who were cut off and surrounded by the German army from the beaches and harbour of Dunkirk between May 26th and June 4th 1940 during World War II.",7.5,"Fionn Whitehead,Tom Hardy,Mark Rylance",Christopher Nolan
Beautiful Funerals,,"BEAUTIFUL FUNERALS is a hand-painted double-step-printed film composed of 1) dense blackness variously punctuated by brilliantly colored jewel/flower-like shapes AND 2) interruptive white sections which are fuzzily dotted with blurred whites and criss-crossed by black ""brushstrokes"" and hard-edge straight black and white lines. Finally there is a brilliant pinkish flare veined with curled blue lines which engenders a resolution between these (above described) alternating modes - colors in the straight-line sections, lines among the artifice of ""flowers,"" a kind of dark lattice-form which knits the two modes, gray and colored ""clouds"" which correlate them.",5.0,,Stan Brakhage
Superman,"Science Fiction,Adventure,Action","Superman, a journalist in Metropolis, embarks on a journey to reconcile his Kryptonian heritage with his human upbringing as Clark Kent.",7.346,"David Corenswet,Rachel Brosnahan,Nicholas Hoult",James Gunn
Oppenheimer,"Drama,History",The story of J. Robert Oppenheimer's role in the development of the atomic bomb during World War II.,8.0,"Cillian Murphy,Emily Blunt,Matt Damon",Christopher Nolan
The Red Line,"Thriller,Crime,Drama","Three women fall prey to a ruthless phone scam. To settle the score, they'll take on the criminal network that stole their money — and their dignity.",6.5,"Nittha Jirayungyurn,Esther Supreeleela,Chutima Maholakul",Sitisiri Mongkolsiri
Vodnická čertovina,"Family,Fantasy,TV Movie","When something flashes across the pond dam in the early evening, it could be the gamekeeper Čeřínek, or the poacher Kopýtko and the tailor Nitka, or... could it be Pepík and Franta? A water sprite, no, water sprites don't exist, only superstitious old women and the poor fish warden, who is a little scared of guarding the carp in the tower, believe in them. At least that's what Kopýtko and Nitka think as they plunder the pond so that their mischievous wives can show off. And what if they manage to catch a colossal fish, a carp bigger than anyone has ever seen before? Immediately, a plan emerges in their greedy minds to pass the carp off as a water sprite, display it in pubs, and make a fortune.",0.0,"Václav Vydra,Taťjana Medvecká,Miroslav Vladyka",Vlasta Janečková
Last Orders,"Comedy,Drama","Jack Dodd was a London butcher who enjoyed a pint with his mates for over 50 years. When he died, he died as he lived, with a smile on his face watching a horse race on which he had bet, with borrowed money. But before he died he had a final request, 'Last Orders', that his ashes be scattered in the sea at Margate. The movie follows his mates, Ray, Lenny and Vic and his foster son Vince as they journey to the sea with the ashes. Along the way, the threads of their lives, their loves and their disappointments are woven together in their memories of Jack and his wife Amy",6.0,"Michael Caine,Tom Courtenay,David Hemmings",Fred Schepisi
TRON: Ares,"Science Fiction,Adventure,Action","A highly sophisticated Program called Ares is sent from the digital world into the real world on a dangerous mission, marking humankind's first encounter with A.I. beings.",6.5,"Jared Leto,Greta Lee,Evan Peters",Joachim Rønning
Shahenshah,Action,"Inspector Srivastav is framed by a wily and cunning gangster, J.K., and unable to prove his innocence, hangs himself, leaving behind his wife, and son, Vijay. Years later, Vijay has grown up and has joined the police force as an Inspector. Unlike his dad, he is corrupt and does accept bribes to turn a nelson's eye to crime. The City Police are assigned the task of apprehending a customed man called ""Shahenshah"", who operates at night and targets, tries and kills gangsters in a ""Judge and Executioner ""style. No one knows the real identity of Shahenshah, as he is feared by the police department, and respected by the poor and middle-class.",6.3,"Amitabh Bachchan,Meenakshi Sheshadri,Aruna Irani",Tinnu Anand
The Devil Wears Prada,"Drama,Comedy","A young woman from the Midwest gets more than she bargained for when she moves to New York to become a writer and ends up as the assistant to the tyrannical, larger-than-life editor-in-chief of a major fashion magazine.",7.4,"Meryl Streep,Anne Hathaway,Emily Blunt",David Frankel
ErOddity(s) 2,"Drama,Horror,Science Fiction","ErOddity(s) 2 follows the lives of several gay youths and adults as they discover a world of the odd, the erotic and the supernatural, all of it in three short films. First, a Texas teen and wanna be actor knocks them dead at ""The Audition"". Second, two soldiers are on a secret mission in the jungles of South America. Once captured, their last night together will reveal dark secrets and create sexual tensions that will cause wide spread collateral damage in ""The Private War of Joseph Sargent"". And finally, in ""The Caretaker of Cook County"", a cemetery worker hides his recent disfigurement under the cloak of a sinister hood. But it doesn't hide his twisted attempt to recapture the one that got away. An attempt that includes the help from young male bodies fresh from the mortuary!",3.9,"Addison Graham,Grayson Lange,Cory Tyndall",Steven Vasquez
Come Dance with Me,"Family,Romance,TV Movie","Jack is an executive in a financial brokerage firm trying to impress the firm’s president, Drew Clayton, in hopes of a promotion. However, Jack is dating the fabulously rich and elegant Demi Clayton, who happens to be Drew’s daughter. Although Demi’s mother Clarisse doesn’t necessarily approve of Jack and would prefer her daughter to date a man within their social circle, Jack still plans on proposing. Trying to create the perfect proposal, Jack signs up for dance lessons in preparation for his proposal to Demi at her father’s lavish annual Christmas Dance. But when sparks start to fly between Jack and his dance instructor, Christine, Jack will have to make some important decisions before it is too late.",5.5,"Andrew McCarthy,Michelle Nolden,Stephanie Mills",John Bradshaw
Pulp Fiction,"Thriller,Crime,Comedy","A burger-loving hit man, his philosophical partner, a drug-addled gangster's moll and a washed-up boxer converge in this sprawling, comedic crime caper. Their adventures unfurl in three stories that ingeniously trip back and forth in time.",8.486,"John Travolta,Samuel L. Jackson,Uma Thurman",Quentin Tarantino
Avatar,"Action,Adventure,Science Fiction","In the 22nd century, a paraplegic Marine is dispatched to the moon Pandora on a unique mission, but becomes torn between following orders and protecting an alien civilization.",7.6,"Sam Worthington,Zoe Saldaña,Sigourney Weaver",James Cameron
The Puppetmaster,"Drama,War,History",Master puppeteer Li Tien-lu recalls his life in Japanese-occupied Taiwan during the first half of the 20th century.,6.5,"Li Tian-Lu,Lim Giong,Pai Ming-Hua",Hou Hsiao-hsien
Spirited Away,"Animation,Family,Fantasy","A young girl, Chihiro, becomes trapped in a strange new world of spirits. When her parents undergo a mysterious transformation, she must call upon the courage she never knew she had to free her family.",8.533,"Rumi Hiiragi,Miyu Irino,Mari Natsuki",Hayao Miyazaki
Spider-Man,"Action,Science Fiction","After being bitten by a genetically altered spider at Oscorp, nerdy but endearing high school student Peter Parker is endowed with amazing powers to become the superhero known as Spider-Man.",7.322,"Tobey Maguire,Willem Dafoe,Kirsten Dunst",Sam Raimi
Deadpool & Wolverine,"Action,Comedy,Science Fiction","A listless Wade Wilson toils away in civilian life with his days as the morally flexible mercenary, Deadpool, behind him. But when his homeworld faces an existential threat, Wade must reluctantly suit-up again with an even more reluctant Wolverine.",7.556,"Ryan Reynolds,Hugh Jackman,Emma Corrin",Shawn Levy
Joker,"Crime,Thriller,Drama","During the 1980s, a failed stand-up comedian is driven insane and turns to a life of crime and chaos in Gotham City while becoming an infamous psychopathic crime figure.",8.126,"Joaquin Phoenix,Robert De Niro,Zazie Beetz",Todd Phillips
The Green Mile,"Fantasy,Drama,Crime","A supernatural tale set on death row in a Southern prison, where gentle giant John Coffey possesses the mysterious power to heal people's ailments. When the cell block's head guard, Paul Edgecomb, recognizes Coffey's miraculous gift, he tries desperately to help stave off the condemned man's execution.",8.505,"Tom Hanks,David Morse,Bonnie Hunt",Frank Darabont
Kulong,Drama,"Three friends retreat to a resort to collaborate on a daring screenplay for a contest. Faced with the challenge of writing about passion despite their own dry spells, their journey soon blurs the line between imagination and experience.",6.4,"Jenn Rosa,Aica Veloso,Cariz Manzano",Sigrid Polon
Parallels,Science Fiction,An underground MMA fighter must confront his sister and his past in an adventure through parallel universes,6.0,"Mark Hapka,Jessica Rothe,Eric Jungmann",Christopher Leone
Avatar: The Way of Water,"Action,Adventure,Science Fiction","Set more than a decade after the events of the first film, learn the story of the Sully family (Jake, Neytiri, and their kids), the trouble that follows them, the lengths they go to keep each other safe, the battles they fight to stay alive, and the tragedies they endure.",7.595,"Sam Worthington,Zoe Saldaña,Sigourney Weaver",James Cameron
Love Me Love Me,"Romance,Drama","After her brother's death, June moves to Milan for a fresh start, finding comfort in Will, the perfect honor student at her new international school. But when his troubled best friend James—hiding a dangerous life in clandestine MMA fights—sparks a rivalry that quickly turns into irresistible attraction, June must choose between safety and a love that upends everything she thought she wanted.",5.626,"Pepe Barroso,Mia Jenkins,Luca Melucci",Roger Kumble
